uuid,item_id,timestamp,price,url,color,title,is_new,date
H078595CKAA1715889368,H078595CKAA,1715889368,49705,/au/en/product/bolide-1923-45-racing-bag-H078595CKAA/,Blue,Bolide 1923 - 45 Racing bag,1,2024-05-16
H083894CAAG1715889368,H083894CAAG,1715889368,5900,/au/en/product/pursangle-tote-bag-H083894CAAG/,Multi-colored,Pursangle tote bag,1,2024-05-16
H082924CAAD1715889368,H082924CAAD,1715889368,11955,/au/en/product/cabas-h-en-biais-40-bag-H082924CAAD/,Multi-colored,Cabas H en Biais 40 bag,1,2024-05-16
H083618CKAB1715889368,H083618CKAB,1715889368,7300,/au/en/product/steeple-25-bag-H083618CKAB/,Multi-colored,Steeple 25 bag,1,2024-05-16
H083618CKAC1715889368,H083618CKAC,1715889368,7300,/au/en/product/steeple-25-bag-H083618CKAC/,Multi-colored,Steeple 25 bag,1,2024-05-16
H085078CKAA1715889368,H085078CKAA,1715889368,9545,/au/en/product/garden-party-49-voyage-bag-H085078CKAA/,Beige/Natural,Garden Party 49 voyage bag,1,2024-05-16
H083618CKAB1715920800,H083618CKAB,1715920800,7300,/au/en/product/steeple-25-bag-H083618CKAB/,Multi-colored,Steeple 25 bag,1,2024-05-17
H083894CAAG1715920800,H083894CAAG,1715920800,5900,/au/en/product/pursangle-tote-bag-H083894CAAG/,Multi-colored,Pursangle tote bag,1,2024-05-17
H083189CKAR1715920800,H083189CKAR,1715920800,6560,/au/en/product/picotin-lock-18-pocket-bag-H083189CKAR/,Green,Picotin Lock 18 pocket bag,1,2024-05-17
H084235CK631715920800,H084235CK63,1715920800,14705,/au/en/product/picotin-lock-micro-bag-H084235CK63/,Green,Picotin Lock micro bag,1,2024-05-17
H082924CAAD1715920800,H082924CAAD,1715920800,11955,/au/en/product/cabas-h-en-biais-40-bag-H082924CAAD/,Multi-colored,Cabas H en Biais 40 bag,1,2024-05-17
H083618CKAC1715920800,H083618CKAC,1715920800,7300,/au/en/product/steeple-25-bag-H083618CKAC/,Multi-colored,Steeple 25 bag,1,2024-05-17
H073611CK8U1715920800,H073611CK8U,1715920800,23910,/au/en/product/roulis-mini-bag-H073611CK8U/,Blue,Roulis mini bag,1,2024-05-17
H078595CKAA1715920800,H078595CKAA,1715920800,49705,/au/en/product/bolide-1923-45-racing-bag-H078595CKAA/,Blue,Bolide 1923 - 45 Racing bag,1,2024-05-17
H085078CKAA1715920800,H085078CKAA,1715920800,9545,/au/en/product/garden-party-49-voyage-bag-H085078CKAA/,Beige/Natural,Garden Party 49 voyage bag,1,2024-05-17
H078971CCAA1715922367,H078971CCAA,1715922367,4870,/au/en/product/herbag-zip-31-bag-H078971CCAA/,Black,Herbag Zip 31 bag,1,2024-05-17
H082608CK3I1715922967,H082608CK3I,1715922967,12380,/au/en/product/lindy-mini-bag-H082608CK3I/,Green,Lindy mini bag,1,2024-05-17
H056289CC0W1715922967,H056289CC0W,1715922967,5270,/au/en/product/picotin-lock-18-bag-H056289CC0W/,Grey,Picotin Lock 18 bag,1,2024-05-17
H084308CC341715924167,H084308CC34,1715924167,13015,/au/en/product/lindy-mini-bag-H084308CC34/,Beige/Natural,Lindy mini bag,1,2024-05-17
H085078CKAA1715990767,H085078CKAA,1715990767,9545,/au/en/product/garden-party-49-voyage-bag-H085078CKAA/,Beige/Natural,Garden Party 49 voyage bag,1,2024-05-18
H083618CKAC1715990767,H083618CKAC,1715990767,7300,/au/en/product/steeple-25-bag-H083618CKAC/,Multi-colored,Steeple 25 bag,1,2024-05-18
H082924CAAD1715990767,H082924CAAD,1715990767,11955,/au/en/product/cabas-h-en-biais-40-bag-H082924CAAD/,Multi-colored,Cabas H en Biais 40 bag,1,2024-05-18
H078595CKAA1715990767,H078595CKAA,1715990767,49705,/au/en/product/bolide-1923-45-racing-bag-H078595CKAA/,Blue,Bolide 1923 - 45 Racing bag,1,2024-05-18
H083894CAAG1715990767,H083894CAAG,1715990767,5900,/au/en/product/pursangle-tote-bag-H083894CAAG/,Multi-colored,Pursangle tote bag,1,2024-05-18
H083618CKAB1715990767,H083618CKAB,1715990767,7300,/au/en/product/steeple-25-bag-H083618CKAB/,Multi-colored,Steeple 25 bag,1,2024-05-18
H083618CKAB1716077767,H083618CKAB,1716077767,7300,/au/en/product/steeple-25-bag-H083618CKAB/,Multi-colored,Steeple 25 bag,1,2024-05-19
H085078CKAA1716077767,H085078CKAA,1716077767,9545,/au/en/product/garden-party-49-voyage-bag-H085078CKAA/,Beige/Natural,Garden Party 49 voyage bag,1,2024-05-19
H082924CAAD1716077767,H082924CAAD,1716077767,11955,/au/en/product/cabas-h-en-biais-40-bag-H082924CAAD/,Multi-colored,Cabas H en Biais 40 bag,1,2024-05-19
H078595CKAA1716077767,H078595CKAA,1716077767,49705,/au/en/product/bolide-1923-45-racing-bag-H078595CKAA/,Blue,Bolide 1923 - 45 Racing bag,1,2024-05-19
H083618CKAC1716077767,H083618CKAC,1716077767,7300,/au/en/product/steeple-25-bag-H083618CKAC/,Multi-colored,Steeple 25 bag,1,2024-05-19
H083894CAAG1716077767,H083894CAAG,1716077767,5900,/au/en/product/pursangle-tote-bag-H083894CAAG/,Multi-colored,Pursangle tote bag,1,2024-05-19
H083618CKAC1716164167,H083618CKAC,1716164167,7300,/au/en/product/steeple-25-bag-H083618CKAC/,Multi-colored,Steeple 25 bag,1,2024-05-20
H082924CAAD1716164167,H082924CAAD,1716164167,11955,/au/en/product/cabas-h-en-biais-40-bag-H082924CAAD/,Multi-colored,Cabas H en Biais 40 bag,1,2024-05-20
H078595CKAA1716164167,H078595CKAA,1716164167,49705,/au/en/product/bolide-1923-45-racing-bag-H078595CKAA/,Blue,Bolide 1923 - 45 Racing bag,1,2024-05-20
H083618CKAB1716164167,H083618CKAB,1716164167,7300,/au/en/product/steeple-25-bag-H083618CKAB/,Multi-colored,Steeple 25 bag,1,2024-05-20
H085078CKAA1716164167,H085078CKAA,1716164167,9545,/au/en/product/garden-party-49-voyage-bag-H085078CKAA/,Beige/Natural,Garden Party 49 voyage bag,1,2024-05-20
H083894CAAG1716164167,H083894CAAG,1716164167,5900,/au/en/product/pursangle-tote-bag-H083894CAAG/,Multi-colored,Pursangle tote bag,1,2024-05-20
H056289CC0W1716165367,H056289CC0W,1716165367,5270,/au/en/product/picotin-lock-18-bag-H056289CC0W/,Grey,Picotin Lock 18 bag,1,2024-05-20
H073611CK8U1716165367,H073611CK8U,1716165367,23910,/au/en/product/roulis-mini-bag-H073611CK8U/,Blue,Roulis mini bag,1,2024-05-20
H083189CKAR1716165367,H083189CKAR,1716165367,6560,/au/en/product/picotin-lock-18-pocket-bag-H083189CKAR/,Green,Picotin Lock 18 pocket bag,1,2024-05-20
H079091CKAU1716172567,H079091CKAU,1716172567,4870,/au/en/product/herbag-zip-31-bag-H079091CKAU/,Multi-colored,Herbag Zip 31 bag,1,2024-05-20
H079092CCAG1716172567,H079092CCAG,1716172567,4870,/au/en/product/herbag-zip-31-bag-H079092CCAG/,Multi-colored,Herbag Zip 31 bag,1,2024-05-20
H083618CKAC1716249967,H083618CKAC,1716249967,7300,/au/en/product/steeple-25-bag-H083618CKAC/,Multi-colored,Steeple 25 bag,1,2024-05-21
H085078CKAA1716249967,H085078CKAA,1716249967,9545,/au/en/product/garden-party-49-voyage-bag-H085078CKAA/,Beige/Natural,Garden Party 49 voyage bag,1,2024-05-21
H083618CKAB1716249967,H083618CKAB,1716249967,7300,/au/en/product/steeple-25-bag-H083618CKAB/,Multi-colored,Steeple 25 bag,1,2024-05-21
H078595CKAA1716249967,H078595CKAA,1716249967,49705,/au/en/product/bolide-1923-45-racing-bag-H078595CKAA/,Blue,Bolide 1923 - 45 Racing bag,1,2024-05-21
H082924CAAD1716249967,H082924CAAD,1716249967,11955,/au/en/product/cabas-h-en-biais-40-bag-H082924CAAD/,Multi-colored,Cabas H en Biais 40 bag,1,2024-05-21
H083894CAAG1716249967,H083894CAAG,1716249967,5900,/au/en/product/pursangle-tote-bag-H083894CAAG/,Multi-colored,Pursangle tote bag,1,2024-05-21
H073611CK8U1716251167,H073611CK8U,1716251167,23910,/au/en/product/roulis-mini-bag-H073611CK8U/,Blue,Roulis mini bag,1,2024-05-21
H056289CC0W1716262567,H056289CC0W,1716262567,5270,/au/en/product/picotin-lock-18-bag-H056289CC0W/,Grey,Picotin Lock 18 bag,1,2024-05-21
H079091CKAU1716262567,H079091CKAU,1716262567,4870,/au/en/product/herbag-zip-31-bag-H079091CKAU/,Multi-colored,Herbag Zip 31 bag,1,2024-05-21
H079092CCAG1716262567,H079092CCAG,1716262567,4870,/au/en/product/herbag-zip-31-bag-H079092CCAG/,Multi-colored,Herbag Zip 31 bag,1,2024-05-21
H083189CKAX1716263167,H083189CKAX,1716263167,6560,/au/en/product/picotin-lock-18-pocket-bag-H083189CKAX/,Beige/Natural,Picotin Lock 18 pocket bag,1,2024-05-21
H082153CCBI1716281767,H082153CCBI,1716281767,15235,/au/en/product/2424-21-bag-H082153CCBI/,White,24/24 - 21 bag,1,2024-05-21
H083618CKAB1716336367,H083618CKAB,1716336367,7300,/au/en/product/steeple-25-bag-H083618CKAB/,Multi-colored,Steeple 25 bag,1,2024-05-22
H082924CAAD1716336367,H082924CAAD,1716336367,11955,/au/en/product/cabas-h-en-biais-40-bag-H082924CAAD/,Multi-colored,Cabas H en Biais 40 bag,1,2024-05-22
H078595CKAA1716336367,H078595CKAA,1716336367,49705,/au/en/product/bolide-1923-45-racing-bag-H078595CKAA/,Blue,Bolide 1923 - 45 Racing bag,1,2024-05-22
H085078CKAA1716336367,H085078CKAA,1716336367,9545,/au/en/product/garden-party-49-voyage-bag-H085078CKAA/,Beige/Natural,Garden Party 49 voyage bag,1,2024-05-22
H083894CAAG1716336367,H083894CAAG,1716336367,5900,/au/en/product/pursangle-tote-bag-H083894CAAG/,Multi-colored,Pursangle tote bag,1,2024-05-22
H083618CKAC1716336367,H083618CKAC,1716336367,7300,/au/en/product/steeple-25-bag-H083618CKAC/,Multi-colored,Steeple 25 bag,1,2024-05-22
H077887CKAG1716351367,H077887CKAG,1716351367,3725,/au/en/product/evelyne-16-amazone-bag-H077887CKAG/,Beige/Natural,Evelyne 16 Amazone bag,1,2024-05-22
H079195CKU41716351367,H079195CKU4,1716351367,13545,/au/en/product/roulis-mini-bag-H079195CKU4/,Green,Roulis mini bag,1,2024-05-22
H070510CP181716351367,H070510CP18,1716351367,13440,/au/en/product/roulis-mini-bag-H070510CP18/,Beige/Natural,Roulis mini bag,1,2024-05-22
H070510CP371716351367,H070510CP37,1716351367,13440,/au/en/product/roulis-mini-bag-H070510CP37/,Brown,Roulis mini bag,1,2024-05-22
H082153CCBI1716352567,H082153CCBI,1716352567,15235,/au/en/product/2424-21-bag-H082153CCBI/,White,24/24 - 21 bag,1,2024-05-22
H073611CK8U1716352567,H073611CK8U,1716352567,23910,/au/en/product/roulis-mini-bag-H073611CK8U/,Blue,Roulis mini bag,1,2024-05-22
H051551CKCF1716368767,H051551CKCF,1716368767,3770,/au/en/product/garden-party-30-bag-H051551CKCF/,Blue,Garden Party 30 bag,1,2024-05-22
H079091CKAW1716368767,H079091CKAW,1716368767,4870,/au/en/product/herbag-zip-31-bag-H079091CKAW/,Yellow,Herbag Zip 31 bag,1,2024-05-22
H069573CKCI1716368767,H069573CKCI,1716368767,3770,/au/en/product/garden-party-30-bag-H069573CKCI/,Blue,Garden Party 30 bag,1,2024-05-22
H083894CAAG1716422767,H083894CAAG,1716422767,5900,/au/en/product/pursangle-tote-bag-H083894CAAG/,Multi-colored,Pursangle tote bag,1,2024-05-23
H078595CKAA1716422767,H078595CKAA,1716422767,49705,/au/en/product/bolide-1923-45-racing-bag-H078595CKAA/,Blue,Bolide 1923 - 45 Racing bag,1,2024-05-23
H082924CAAD1716422767,H082924CAAD,1716422767,11955,/au/en/product/cabas-h-en-biais-40-bag-H082924CAAD/,Multi-colored,Cabas H en Biais 40 bag,1,2024-05-23
H085078CKAA1716422767,H085078CKAA,1716422767,9545,/au/en/product/garden-party-49-voyage-bag-H085078CKAA/,Beige/Natural,Garden Party 49 voyage bag,1,2024-05-23
H083618CKAB1716422767,H083618CKAB,1716422767,7300,/au/en/product/steeple-25-bag-H083618CKAB/,Multi-colored,Steeple 25 bag,1,2024-05-23
H083618CKAC1716422767,H083618CKAC,1716422767,7300,/au/en/product/steeple-25-bag-H083618CKAC/,Multi-colored,Steeple 25 bag,1,2024-05-23
H073428CK181716423367,H073428CK18,1716423367,13860,/au/en/product/lindy-26-bag-H073428CK18/,Beige/Natural,Lindy 26 bag,1,2024-05-23
H082660CKBF1716423367,H082660CKBF,1716423367,9100,/au/en/product/halzan-25-verso-bag-H082660CKBF/,Yellow,Halzan 25 verso bag,1,2024-05-23
H077887CKAG1716425167,H077887CKAG,1716425167,3725,/au/en/product/evelyne-16-amazone-bag-H077887CKAG/,Beige/Natural,Evelyne 16 Amazone bag,1,2024-05-23
H079091CKAW1716425167,H079091CKAW,1716425167,4870,/au/en/product/herbag-zip-31-bag-H079091CKAW/,Yellow,Herbag Zip 31 bag,1,2024-05-23
H070510CP181716425767,H070510CP18,1716425767,13440,/au/en/product/roulis-mini-bag-H070510CP18/,Beige/Natural,Roulis mini bag,1,2024-05-23
H060991CC0L1716425767,H060991CC0L,1716425767,5715,/au/en/product/picotin-lock-22-bag-H060991CC0L/,Grey,Picotin Lock 22 bag,1,2024-05-23
H079195CKU41716425767,H079195CKU4,1716425767,13545,/au/en/product/roulis-mini-bag-H079195CKU4/,Green,Roulis mini bag,1,2024-05-23
H083618CKAB1716509167,H083618CKAB,1716509167,7300,/au/en/product/steeple-25-bag-H083618CKAB/,Multi-colored,Steeple 25 bag,1,2024-05-24
H083618CKAC1716509167,H083618CKAC,1716509167,7300,/au/en/product/steeple-25-bag-H083618CKAC/,Multi-colored,Steeple 25 bag,1,2024-05-24
H082924CAAD1716509167,H082924CAAD,1716509167,11955,/au/en/product/cabas-h-en-biais-40-bag-H082924CAAD/,Multi-colored,Cabas H en Biais 40 bag,1,2024-05-24
H060991CC0L1716509167,H060991CC0L,1716509167,5715,/au/en/product/picotin-lock-22-bag-H060991CC0L/,Grey,Picotin Lock 22 bag,1,2024-05-24
H085078CKAA1716509167,H085078CKAA,1716509167,9545,/au/en/product/garden-party-49-voyage-bag-H085078CKAA/,Beige/Natural,Garden Party 49 voyage bag,1,2024-05-24
H078595CKAA1716509167,H078595CKAA,1716509167,49705,/au/en/product/bolide-1923-45-racing-bag-H078595CKAA/,Blue,Bolide 1923 - 45 Racing bag,1,2024-05-24
H083894CAAG1716509167,H083894CAAG,1716509167,5900,/au/en/product/pursangle-tote-bag-H083894CAAG/,Multi-colored,Pursangle tote bag,1,2024-05-24
H077913CC461716510367,H077913CC46,1716510367,5925,/au/en/product/picotin-lock-18-bag-H077913CC46/,Brown,Picotin Lock 18 bag,1,2024-05-24
H083764CKAG1716510367,H083764CKAG,1716510367,7515,/au/en/product/picotin-lock-18-bag-H083764CKAG/,Yellow,Picotin Lock 18 bag,1,2024-05-24
H083189CCAA1716510367,H083189CCAA,1716510367,6560,/au/en/product/picotin-lock-18-pocket-bag-H083189CCAA/,Black,Picotin Lock 18 pocket bag,1,2024-05-24
H073428CK181716510967,H073428CK18,1716510967,13860,/au/en/product/lindy-26-bag-H073428CK18/,Beige/Natural,Lindy 26 bag,1,2024-05-24
H077887CKAG1716526567,H077887CKAG,1716526567,3725,/au/en/product/evelyne-16-amazone-bag-H077887CKAG/,Beige/Natural,Evelyne 16 Amazone bag,1,2024-05-24
H085078CKAA1716596167,H085078CKAA,1716596167,9545,/au/en/product/garden-party-49-voyage-bag-H085078CKAA/,Beige/Natural,Garden Party 49 voyage bag,1,2024-05-25
H083618CKAB1716596167,H083618CKAB,1716596167,7300,/au/en/product/steeple-25-bag-H083618CKAB/,Multi-colored,Steeple 25 bag,1,2024-05-25
H083618CKAC1716596167,H083618CKAC,1716596167,7300,/au/en/product/steeple-25-bag-H083618CKAC/,Multi-colored,Steeple 25 bag,1,2024-05-25
H082924CAAD1716596167,H082924CAAD,1716596167,11955,/au/en/product/cabas-h-en-biais-40-bag-H082924CAAD/,Multi-colored,Cabas H en Biais 40 bag,1,2024-05-25
H083894CAAG1716596167,H083894CAAG,1716596167,5900,/au/en/product/pursangle-tote-bag-H083894CAAG/,Multi-colored,Pursangle tote bag,1,2024-05-25
H078595CKAA1716596167,H078595CKAA,1716596167,49705,/au/en/product/bolide-1923-45-racing-bag-H078595CKAA/,Blue,Bolide 1923 - 45 Racing bag,1,2024-05-25
H083894CAAG1716681967,H083894CAAG,1716681967,5900,/au/en/product/pursangle-tote-bag-H083894CAAG/,Multi-colored,Pursangle tote bag,1,2024-05-26
H082924CAAD1716681967,H082924CAAD,1716681967,11955,/au/en/product/cabas-h-en-biais-40-bag-H082924CAAD/,Multi-colored,Cabas H en Biais 40 bag,1,2024-05-26
H083618CKAB1716681967,H083618CKAB,1716681967,7300,/au/en/product/steeple-25-bag-H083618CKAB/,Multi-colored,Steeple 25 bag,1,2024-05-26
H078595CKAA1716681967,H078595CKAA,1716681967,49705,/au/en/product/bolide-1923-45-racing-bag-H078595CKAA/,Blue,Bolide 1923 - 45 Racing bag,1,2024-05-26
H085078CKAA1716681967,H085078CKAA,1716681967,9545,/au/en/product/garden-party-49-voyage-bag-H085078CKAA/,Beige/Natural,Garden Party 49 voyage bag,1,2024-05-26
H083618CKAC1716681967,H083618CKAC,1716681967,7300,/au/en/product/steeple-25-bag-H083618CKAC/,Multi-colored,Steeple 25 bag,1,2024-05-26
H083894CAAG1716768967,H083894CAAG,1716768967,5900,/au/en/product/pursangle-tote-bag-H083894CAAG/,Multi-colored,Pursangle tote bag,1,2024-05-27
H083618CKAC1716768967,H083618CKAC,1716768967,7300,/au/en/product/steeple-25-bag-H083618CKAC/,Multi-colored,Steeple 25 bag,1,2024-05-27
H082924CAAD1716768967,H082924CAAD,1716768967,11955,/au/en/product/cabas-h-en-biais-40-bag-H082924CAAD/,Multi-colored,Cabas H en Biais 40 bag,1,2024-05-27
H078595CKAA1716768967,H078595CKAA,1716768967,49705,/au/en/product/bolide-1923-45-racing-bag-H078595CKAA/,Blue,Bolide 1923 - 45 Racing bag,1,2024-05-27
H085078CKAA1716768967,H085078CKAA,1716768967,9545,/au/en/product/garden-party-49-voyage-bag-H085078CKAA/,Beige/Natural,Garden Party 49 voyage bag,1,2024-05-27
H083618CKAB1716768967,H083618CKAB,1716768967,7300,/au/en/product/steeple-25-bag-H083618CKAB/,Multi-colored,Steeple 25 bag,1,2024-05-27
H073430CKB41716776767,H073430CKB4,1716776767,14285,/au/en/product/lindy-26-bag-H073430CKB4/,Yellow,Lindy 26 bag,1,2024-05-27
H073428CK4B1716776767,H073428CK4B,1716776767,13860,/au/en/product/lindy-26-bag-H073428CK4B/,Beige/Natural,Lindy 26 bag,1,2024-05-27
H073428CK0X1716776767,H073428CK0X,1716776767,13860,/au/en/product/lindy-26-bag-H073428CK0X/,Orange,Lindy 26 bag,1,2024-05-27
H073428CCI21716776767,H073428CCI2,1716776767,13860,/au/en/product/lindy-26-bag-H073428CCI2/,White,Lindy 26 bag,1,2024-05-27
H073428CK081716776767,H073428CK08,1716776767,13860,/au/en/product/lindy-26-bag-H073428CK08/,Blue,Lindy 26 bag,1,2024-05-27
H073428CC8Q1716776767,H073428CC8Q,1716776767,13860,/au/en/product/lindy-26-bag-H073428CC8Q/,Beige/Natural,Lindy 26 bag,1,2024-05-27
H060991CC0L1716852967,H060991CC0L,1716852967,5715,/au/en/product/picotin-lock-22-bag-H060991CC0L/,Grey,Picotin Lock 22 bag,1,2024-05-27
H083189CCAA1716852967,H083189CCAA,1716852967,6560,/au/en/product/picotin-lock-18-pocket-bag-H083189CCAA/,Black,Picotin Lock 18 pocket bag,1,2024-05-27
H073428CK181716854167,H073428CK18,1716854167,13860,/au/en/product/lindy-26-bag-H073428CK18/,Beige/Natural,Lindy 26 bag,1,2024-05-27
H078971CCAA1716854167,H078971CCAA,1716854167,4870,/au/en/product/herbag-zip-31-bag-H078971CCAA/,Black,Herbag Zip 31 bag,1,2024-05-27
H077913CC461716854167,H077913CC46,1716854167,5925,/au/en/product/picotin-lock-18-bag-H077913CC46/,Brown,Picotin Lock 18 bag,1,2024-05-27
H083189CKAR1716855367,H083189CKAR,1716855367,6560,/au/en/product/picotin-lock-18-pocket-bag-H083189CKAR/,Green,Picotin Lock 18 pocket bag,1,2024-05-28
H077887CKAG1716855367,H077887CKAG,1716855367,3725,/au/en/product/evelyne-16-amazone-bag-H077887CKAG/,Beige/Natural,Evelyne 16 Amazone bag,1,2024-05-28
H073428CC8Q1716855367,H073428CC8Q,1716855367,13860,/au/en/product/lindy-26-bag-H073428CC8Q/,Beige/Natural,Lindy 26 bag,1,2024-05-28
H078971CCAA1716855367,H078971CCAA,1716855367,4870,/au/en/product/herbag-zip-31-bag-H078971CCAA/,Black,Herbag Zip 31 bag,1,2024-05-28
H085078CKAA1716855367,H085078CKAA,1716855367,9545,/au/en/product/garden-party-49-voyage-bag-H085078CKAA/,Beige/Natural,Garden Party 49 voyage bag,1,2024-05-28
H078595CKAA1716855367,H078595CKAA,1716855367,49705,/au/en/product/bolide-1923-45-racing-bag-H078595CKAA/,Blue,Bolide 1923 - 45 Racing bag,1,2024-05-28
H073428CK0X1716855367,H073428CK0X,1716855367,13860,/au/en/product/lindy-26-bag-H073428CK0X/,Orange,Lindy 26 bag,1,2024-05-28
H073428CK181716855367,H073428CK18,1716855367,13860,/au/en/product/lindy-26-bag-H073428CK18/,Beige/Natural,Lindy 26 bag,1,2024-05-28
H077913CC461716855367,H077913CC46,1716855367,5925,/au/en/product/picotin-lock-18-bag-H077913CC46/,Brown,Picotin Lock 18 bag,1,2024-05-28
H083618CKAB1716855367,H083618CKAB,1716855367,7300,/au/en/product/steeple-25-bag-H083618CKAB/,Multi-colored,Steeple 25 bag,1,2024-05-28
H083618CKAC1716855367,H083618CKAC,1716855367,7300,/au/en/product/steeple-25-bag-H083618CKAC/,Multi-colored,Steeple 25 bag,1,2024-05-28
H073428CK081716855367,H073428CK08,1716855367,13860,/au/en/product/lindy-26-bag-H073428CK08/,Blue,Lindy 26 bag,1,2024-05-28
H073428CCI21716855367,H073428CCI2,1716855367,13860,/au/en/product/lindy-26-bag-H073428CCI2/,White,Lindy 26 bag,1,2024-05-28
H082924CAAD1716855367,H082924CAAD,1716855367,11955,/au/en/product/cabas-h-en-biais-40-bag-H082924CAAD/,Multi-colored,Cabas H en Biais 40 bag,1,2024-05-28
H083894CAAG1716855367,H083894CAAG,1716855367,5900,/au/en/product/pursangle-tote-bag-H083894CAAG/,Multi-colored,Pursangle tote bag,1,2024-05-28
H082268CKBK1716856567,H082268CKBK,1716856567,4870,/au/en/product/herbag-zip-31-retourne-verso-bag-H082268CKBK/,Blue,Herbag Zip 31 retourne verso bag,1,2024-05-28
H069426CKBF1716856567,H069426CKBF,1716856567,3515,/au/en/product/evelyne-16-amazone-bag-H069426CKBF/,Grey,Evelyne 16 Amazone bag,1,2024-05-28
H069426CCCI1716856567,H069426CCCI,1716856567,3515,/au/en/product/evelyne-16-amazone-bag-H069426CCCI/,Beige/Natural,Evelyne 16 Amazone bag,1,2024-05-28
H069426CCAM1716856567,H069426CCAM,1716856567,3515,/au/en/product/evelyne-16-amazone-bag-H069426CCAM/,Brown,Evelyne 16 Amazone bag,1,2024-05-28
H069426CKEE1716856567,H069426CKEE,1716856567,3515,/au/en/product/evelyne-16-amazone-bag-H069426CKEE/,Beige/Natural,Evelyne 16 Amazone bag,1,2024-05-28
H069426CCEB1716856567,H069426CCEB,1716856567,3515,/au/en/product/evelyne-16-amazone-bag-H069426CCEB/,Blue,Evelyne 16 Amazone bag,1,2024-05-28
H069426CCDS1716856567,H069426CCDS,1716856567,3515,/au/en/product/evelyne-16-amazone-bag-H069426CCDS/,Blue,Evelyne 16 Amazone bag,1,2024-05-28
H079092CKAI1716856567,H079092CKAI,1716856567,4870,/au/en/product/herbag-zip-31-bag-H079092CKAI/,Black,Herbag Zip 31 bag,1,2024-05-28
H079092CKAK1716856567,H079092CKAK,1716856567,4870,/au/en/product/herbag-zip-31-bag-H079092CKAK/,Beige/Natural,Herbag Zip 31 bag,1,2024-05-28
H073428CK4B1716857767,H073428CK4B,1716857767,13860,/au/en/product/lindy-26-bag-H073428CK4B/,Beige/Natural,Lindy 26 bag,1,2024-05-28
H082153CCBI1716883567,H082153CCBI,1716883567,15235,/au/en/product/2424-21-bag-H082153CCBI/,White,24/24 - 21 bag,1,2024-05-28
H070510CP371716883567,H070510CP37,1716883567,13440,/au/en/product/roulis-mini-bag-H070510CP37/,Brown,Roulis mini bag,1,2024-05-28
H083894CAAG1716941167,H083894CAAG,1716941167,5900,/au/en/product/pursangle-tote-bag-H083894CAAG/,Multi-colored,Pursangle tote bag,1,2024-05-29
H085078CKAA1716941167,H085078CKAA,1716941167,9545,/au/en/product/garden-party-49-voyage-bag-H085078CKAA/,Beige/Natural,Garden Party 49 voyage bag,1,2024-05-29
H083618CKAB1716941167,H083618CKAB,1716941167,7300,/au/en/product/steeple-25-bag-H083618CKAB/,Multi-colored,Steeple 25 bag,1,2024-05-29
H083618CKAC1716941167,H083618CKAC,1716941167,7300,/au/en/product/steeple-25-bag-H083618CKAC/,Multi-colored,Steeple 25 bag,1,2024-05-29
H082924CAAD1716941167,H082924CAAD,1716941167,11955,/au/en/product/cabas-h-en-biais-40-bag-H082924CAAD/,Multi-colored,Cabas H en Biais 40 bag,1,2024-05-29
H078595CKAA1716941167,H078595CKAA,1716941167,49705,/au/en/product/bolide-1923-45-racing-bag-H078595CKAA/,Blue,Bolide 1923 - 45 Racing bag,1,2024-05-29
H073428CK0X1716957367,H073428CK0X,1716957367,13860,/au/en/product/lindy-26-bag-H073428CK0X/,Orange,Lindy 26 bag,1,2024-05-29
H070510CP371716957367,H070510CP37,1716957367,13440,/au/en/product/roulis-mini-bag-H070510CP37/,Brown,Roulis mini bag,1,2024-05-29
H082153CCBI1716957367,H082153CCBI,1716957367,15235,/au/en/product/2424-21-bag-H082153CCBI/,White,24/24 - 21 bag,1,2024-05-29
H073428CK081716957367,H073428CK08,1716957367,13860,/au/en/product/lindy-26-bag-H073428CK08/,Blue,Lindy 26 bag,1,2024-05-29
H077913CC461716957367,H077913CC46,1716957367,5925,/au/en/product/picotin-lock-18-bag-H077913CC46/,Brown,Picotin Lock 18 bag,1,2024-05-29
H078971CCAA1716972367,H078971CCAA,1716972367,4870,/au/en/product/herbag-zip-31-bag-H078971CCAA/,Black,Herbag Zip 31 bag,1,2024-05-29
H078595CKAA1717028167,H078595CKAA,1717028167,49705,/au/en/product/bolide-1923-45-racing-bag-H078595CKAA/,Blue,Bolide 1923 - 45 Racing bag,1,2024-05-30
H083618CKAC1717028167,H083618CKAC,1717028167,7300,/au/en/product/steeple-25-bag-H083618CKAC/,Multi-colored,Steeple 25 bag,1,2024-05-30
H082924CAAD1717028167,H082924CAAD,1717028167,11955,/au/en/product/cabas-h-en-biais-40-bag-H082924CAAD/,Multi-colored,Cabas H en Biais 40 bag,1,2024-05-30
H085078CKAA1717028167,H085078CKAA,1717028167,9545,/au/en/product/garden-party-49-voyage-bag-H085078CKAA/,Beige/Natural,Garden Party 49 voyage bag,1,2024-05-30
H083894CAAG1717028167,H083894CAAG,1717028167,5900,/au/en/product/pursangle-tote-bag-H083894CAAG/,Multi-colored,Pursangle tote bag,1,2024-05-30
H083618CKAB1717028167,H083618CKAB,1717028167,7300,/au/en/product/steeple-25-bag-H083618CKAB/,Multi-colored,Steeple 25 bag,1,2024-05-30
H073428CK081717028767,H073428CK08,1717028767,13860,/au/en/product/lindy-26-bag-H073428CK08/,Blue,Lindy 26 bag,1,2024-05-30
H078971CCAA1717030567,H078971CCAA,1717030567,4870,/au/en/product/herbag-zip-31-bag-H078971CCAA/,Black,Herbag Zip 31 bag,1,2024-05-30
H082268CKBK1717033567,H082268CKBK,1717033567,4870,/au/en/product/herbag-zip-31-retourne-verso-bag-H082268CKBK/,Blue,Herbag Zip 31 retourne verso bag,1,2024-05-30
H078971CCAV1717033567,H078971CCAV,1717033567,4870,/au/en/product/herbag-zip-31-bag-H078971CCAV/,Red,Herbag Zip 31 bag,1,2024-05-30
H084274CCAQ1717033567,H084274CCAQ,1717033567,7725,/au/en/product/hermes-in-the-loop-18-bag-H084274CCAQ/,Red,Hermès In-the-Loop 18 bag,1,2024-05-30
H082153CCBD1717033567,H082153CCBD,1717033567,15235,/au/en/product/2424-21-bag-H082153CCBD/,Grey,24/24 - 21 bag,1,2024-05-30
H073428CK891717033567,H073428CK89,1717033567,13860,/au/en/product/lindy-26-bag-H073428CK89/,Black,Lindy 26 bag,1,2024-05-30
H069573CKBN1717033567,H069573CKBN,1717033567,3770,/au/en/product/garden-party-30-bag-H069573CKBN/,Grey,Garden Party 30 bag,1,2024-05-30
H060991CK8Q1717033567,H060991CK8Q,1717033567,5715,/au/en/product/picotin-lock-22-bag-H060991CK8Q/,Beige/Natural,Picotin Lock 22 bag,1,2024-05-30
H051568CK761717033567,H051568CK76,1717033567,6560,/au/en/product/garden-party-30-bag-H051568CK76/,Blue,Garden Party 30 bag,1,2024-05-30
H056289CKB41717033567,H056289CKB4,1717033567,5270,/au/en/product/picotin-lock-18-bag-H056289CKB4/,Yellow,Picotin Lock 18 bag,1,2024-05-30
H084238CKL41717033567,H084238CKL4,1717033567,15555,/au/en/product/picotin-lock-micro-bag-H084238CKL4/,Pink,Picotin Lock micro bag,1,2024-05-30
H082027CK081717033567,H082027CK08,1717033567,9100,/au/en/product/halzan-25-bag-H082027CK08/,Blue,Halzan 25 bag,1,2024-05-30
H056289CK091717033567,H056289CK09,1717033567,5270,/au/en/product/picotin-lock-18-bag-H056289CK09/,Purple,Picotin Lock 18 bag,1,2024-05-30
H075244CKAE1717033567,H075244CKAE,1717033567,17775,/au/en/product/2424-35-bag-H075244CKAE/,Black,24/24 - 35 bag,1,2024-05-30
H084274CKAB1717033567,H084274CKAB,1717033567,7725,/au/en/product/hermes-in-the-loop-18-bag-H084274CKAB/,Beige/Natural,Hermès In-the-Loop 18 bag,1,2024-05-30
H056277CK6C1717033567,H056277CK6C,1717033567,6140,/au/en/product/evelyne-iii-29-bag-H056277CK6C/,Brown,Evelyne III 29 bag,1,2024-05-30
H084274CCAD1717033567,H084274CCAD,1717033567,7725,/au/en/product/hermes-in-the-loop-18-bag-H084274CCAD/,Grey,Hermès In-the-Loop 18 bag,1,2024-05-30
H051568CKA51717033567,H051568CKA5,1717033567,6560,/au/en/product/garden-party-30-bag-H051568CKA5/,Red,Garden Party 30 bag,1,2024-05-30
H085945CKAO1717033567,H085945CKAO,1717033567,3515,/au/en/product/evelyne-16-amazone-bag-H085945CKAO/,White,Evelyne 16 Amazone bag,1,2024-05-30
H084505CKAB1717033567,H084505CKAB,1717033567,14920,/au/en/product/lindy-mini-bag-H084505CKAB/,Beige/Natural,Lindy mini bag,1,2024-05-30
H051551CKCD1717033567,H051551CKCD,1717033567,3770,/au/en/product/garden-party-30-bag-H051551CKCD/,Green,Garden Party 30 bag,1,2024-05-30
H082153CCBI1717033567,H082153CCBI,1717033567,15235,/au/en/product/2424-21-bag-H082153CCBI/,White,24/24 - 21 bag,1,2024-05-30
H084274CKAZ1717037767,H084274CKAZ,1717037767,7725,/au/en/product/hermes-in-the-loop-18-bag-H084274CKAZ/,Pink,Hermès In-the-Loop 18 bag,1,2024-05-30
H078971CKAA1717037767,H078971CKAA,1717037767,4870,/au/en/product/herbag-zip-31-bag-H078971CKAA/,Black,Herbag Zip 31 bag,1,2024-05-30
H051568CK8L1717037767,H051568CK8L,1717037767,6560,/au/en/product/garden-party-30-bag-H051568CK8L/,Grey,Garden Party 30 bag,1,2024-05-30
H056289CK931717044367,H056289CK93,1717044367,5270,/au/en/product/picotin-lock-18-bag-H056289CK93/,Orange,Picotin Lock 18 bag,1,2024-05-30
H083618CKAC1717114567,H083618CKAC,1717114567,7300,/au/en/product/steeple-25-bag-H083618CKAC/,Multi-colored,Steeple 25 bag,1,2024-05-31
H083618CKAB1717114567,H083618CKAB,1717114567,7300,/au/en/product/steeple-25-bag-H083618CKAB/,Multi-colored,Steeple 25 bag,1,2024-05-31
H085078CKAA1717114567,H085078CKAA,1717114567,9545,/au/en/product/garden-party-49-voyage-bag-H085078CKAA/,Beige/Natural,Garden Party 49 voyage bag,1,2024-05-31
H082924CAAD1717114567,H082924CAAD,1717114567,11955,/au/en/product/cabas-h-en-biais-40-bag-H082924CAAD/,Multi-colored,Cabas H en Biais 40 bag,1,2024-05-31
H082798CK091717131367,H082798CK09,1717131367,11850,/au/en/product/bolide-1923-25-bag-H082798CK09/,Purple,Bolide 1923 - 25 bag,1,2024-05-31
H056289CK551717131367,H056289CK55,1717131367,5270,/au/en/product/picotin-lock-18-bag-H056289CK55/,Red,Picotin Lock 18 bag,1,2024-05-31
H069426CCDX1717131367,H069426CCDX,1717131367,3515,/au/en/product/evelyne-16-amazone-bag-H069426CCDX/,Orange,Evelyne 16 Amazone bag,1,2024-05-31
H070416CCBN1717131367,H070416CCBN,1717131367,14495,/au/en/product/lindy-26-verso-bag-H070416CCBN/,Brown,Lindy 26 verso bag,1,2024-05-31
H056289CCA81717131367,H056289CCA8,1717131367,5270,/au/en/product/picotin-lock-18-bag-H056289CCA8/,Green,Picotin Lock 18 bag,1,2024-05-31
H069426CCDP1717131367,H069426CCDP,1717131367,3515,/au/en/product/evelyne-16-amazone-bag-H069426CCDP/,Orange,Evelyne 16 Amazone bag,1,2024-05-31
H079092CKAI1717131367,H079092CKAI,1717131367,4870,/au/en/product/herbag-zip-31-bag-H079092CKAI/,Black,Herbag Zip 31 bag,1,2024-05-31
H083189CKAO1717131367,H083189CKAO,1717131367,6560,/au/en/product/picotin-lock-18-pocket-bag-H083189CKAO/,Orange,Picotin Lock 18 pocket bag,1,2024-05-31
H056277CK371717131367,H056277CK37,1717131367,6140,/au/en/product/evelyne-iii-29-bag-H056277CK37/,Brown,Evelyne III 29 bag,1,2024-05-31
H069426CKAM1717131367,H069426CKAM,1717131367,3515,/au/en/product/evelyne-16-amazone-bag-H069426CKAM/,Brown,Evelyne 16 Amazone bag,1,2024-05-31
H069560CKBX1717131367,H069560CKBX,1717131367,5610,/au/en/product/picotin-lock-18-eclat-bag-H069560CKBX/,Yellow,Picotin Lock 18 eclat bag,1,2024-05-31
H056289CK7P1717131367,H056289CK7P,1717131367,5270,/au/en/product/picotin-lock-18-bag-H056289CK7P/,Blue,Picotin Lock 18 bag,1,2024-05-31
H079091CCAR1717131367,H079091CCAR,1717131367,4870,/au/en/product/herbag-zip-31-bag-H079091CCAR/,Beige/Natural,Herbag Zip 31 bag,1,2024-05-31
H083433CCAE1717131367,H083433CCAE,1717131367,3725,/au/en/product/evelyne-16-amazone-bag-H083433CCAE/,Multi-colored,Evelyne 16 Amazone bag,1,2024-05-31
H051568CK371717134967,H051568CK37,1717134967,6560,/au/en/product/garden-party-30-bag-H051568CK37/,Brown,Garden Party 30 bag,1,2024-05-31
H073428CK891717134967,H073428CK89,1717134967,13860,/au/en/product/lindy-26-bag-H073428CK89/,Black,Lindy 26 bag,1,2024-05-31
H056289CC6C1717134967,H056289CC6C,1717134967,5270,/au/en/product/picotin-lock-18-bag-H056289CC6C/,Brown,Picotin Lock 18 bag,1,2024-05-31
H079086CC7P1717134967,H079086CC7P,1717134967,11640,/au/en/product/lindy-mini-bag-H079086CC7P/,Blue,Lindy mini bag,1,2024-05-31
H056289CC0M1717137967,H056289CC0M,1717137967,5270,/au/en/product/picotin-lock-18-bag-H056289CC0M/,Beige/Natural,Picotin Lock 18 bag,1,2024-05-31
H069426CCDN1717137967,H069426CCDN,1717137967,3515,/au/en/product/evelyne-16-amazone-bag-H069426CCDN/,Grey,Evelyne 16 Amazone bag,1,2024-05-31
H069560CKBR1717139767,H069560CKBR,1717139767,5610,/au/en/product/picotin-lock-18-eclat-bag-H069560CKBR/,Multi-colored,Picotin Lock 18 eclat bag,1,2024-05-31
H073428CK4B1717139767,H073428CK4B,1717139767,13860,/au/en/product/lindy-26-bag-H073428CK4B/,Beige/Natural,Lindy 26 bag,1,2024-05-31
H069560CKBU1717140967,H069560CKBU,1717140967,5610,/au/en/product/picotin-lock-18-eclat-bag-H069560CKBU/,Blue,Picotin Lock 18 eclat bag,1,2024-05-31
H069426CCEE1717140967,H069426CCEE,1717140967,3515,/au/en/product/evelyne-16-amazone-bag-H069426CCEE/,Beige/Natural,Evelyne 16 Amazone bag,1,2024-05-31
H083618CKAB1717200967,H083618CKAB,1717200967,7300,/au/en/product/steeple-25-bag-H083618CKAB/,Multi-colored,Steeple 25 bag,1,2024-06-01
H082924CAAD1717200967,H082924CAAD,1717200967,11955,/au/en/product/cabas-h-en-biais-40-bag-H082924CAAD/,Multi-colored,Cabas H en Biais 40 bag,1,2024-06-01
H083618CKAC1717200967,H083618CKAC,1717200967,7300,/au/en/product/steeple-25-bag-H083618CKAC/,Multi-colored,Steeple 25 bag,1,2024-06-01
H085078CKAA1717200967,H085078CKAA,1717200967,9545,/au/en/product/garden-party-49-voyage-bag-H085078CKAA/,Beige/Natural,Garden Party 49 voyage bag,1,2024-06-01
H083618CKAC1717287367,H083618CKAC,1717287367,7300,/au/en/product/steeple-25-bag-H083618CKAC/,Multi-colored,Steeple 25 bag,1,2024-06-02
H082924CAAD1717287367,H082924CAAD,1717287367,11955,/au/en/product/cabas-h-en-biais-40-bag-H082924CAAD/,Multi-colored,Cabas H en Biais 40 bag,1,2024-06-02
H085078CKAA1717287367,H085078CKAA,1717287367,9545,/au/en/product/garden-party-49-voyage-bag-H085078CKAA/,Beige/Natural,Garden Party 49 voyage bag,1,2024-06-02
H083618CKAB1717287367,H083618CKAB,1717287367,7300,/au/en/product/steeple-25-bag-H083618CKAB/,Multi-colored,Steeple 25 bag,1,2024-06-02
H069426CCEE1717372567,H069426CCEE,1717372567,3515,/au/en/product/evelyne-16-amazone-bag-H069426CCEE/,Beige/Natural,Evelyne 16 Amazone bag,1,2024-06-02
H056289CC0M1717372567,H056289CC0M,1717372567,5270,/au/en/product/picotin-lock-18-bag-H056289CC0M/,Beige/Natural,Picotin Lock 18 bag,1,2024-06-02
H073428CK891717372567,H073428CK89,1717372567,13860,/au/en/product/lindy-26-bag-H073428CK89/,Black,Lindy 26 bag,1,2024-06-02
H056289CC0M1717373767,H056289CC0M,1717373767,5270,/au/en/product/picotin-lock-18-bag-H056289CC0M/,Beige/Natural,Picotin Lock 18 bag,1,2024-06-03
H069426CCEE1717373767,H069426CCEE,1717373767,3515,/au/en/product/evelyne-16-amazone-bag-H069426CCEE/,Beige/Natural,Evelyne 16 Amazone bag,1,2024-06-03
H073428CK891717373767,H073428CK89,1717373767,13860,/au/en/product/lindy-26-bag-H073428CK89/,Black,Lindy 26 bag,1,2024-06-03
H083618CKAC1717373767,H083618CKAC,1717373767,7300,/au/en/product/steeple-25-bag-H083618CKAC/,Multi-colored,Steeple 25 bag,1,2024-06-03
H083618CKAB1717373767,H083618CKAB,1717373767,7300,/au/en/product/steeple-25-bag-H083618CKAB/,Multi-colored,Steeple 25 bag,1,2024-06-03
H082924CAAD1717373767,H082924CAAD,1717373767,11955,/au/en/product/cabas-h-en-biais-40-bag-H082924CAAD/,Multi-colored,Cabas H en Biais 40 bag,1,2024-06-03
H085078CKAA1717373767,H085078CKAA,1717373767,9545,/au/en/product/garden-party-49-voyage-bag-H085078CKAA/,Beige/Natural,Garden Party 49 voyage bag,1,2024-06-03
H056289CK7P1717374367,H056289CK7P,1717374367,5270,/au/en/product/picotin-lock-18-bag-H056289CK7P/,Blue,Picotin Lock 18 bag,1,2024-06-03
H069426CKAM1717374367,H069426CKAM,1717374367,3515,/au/en/product/evelyne-16-amazone-bag-H069426CKAM/,Brown,Evelyne 16 Amazone bag,1,2024-06-03
H056289CC6C1717375567,H056289CC6C,1717375567,5270,/au/en/product/picotin-lock-18-bag-H056289CC6C/,Brown,Picotin Lock 18 bag,1,2024-06-03
H056289CCA81717375567,H056289CCA8,1717375567,5270,/au/en/product/picotin-lock-18-bag-H056289CCA8/,Green,Picotin Lock 18 bag,1,2024-06-03
H069560CKBX1717375567,H069560CKBX,1717375567,5610,/au/en/product/picotin-lock-18-eclat-bag-H069560CKBX/,Yellow,Picotin Lock 18 eclat bag,1,2024-06-03
H069560CKBU1717375567,H069560CKBU,1717375567,5610,/au/en/product/picotin-lock-18-eclat-bag-H069560CKBU/,Blue,Picotin Lock 18 eclat bag,1,2024-06-03
H069560CKBR1717375567,H069560CKBR,1717375567,5610,/au/en/product/picotin-lock-18-eclat-bag-H069560CKBR/,Multi-colored,Picotin Lock 18 eclat bag,1,2024-06-03
H070416CCBN1717376767,H070416CCBN,1717376767,14495,/au/en/product/lindy-26-verso-bag-H070416CCBN/,Brown,Lindy 26 verso bag,1,2024-06-03
H083189CKAO1717377367,H083189CKAO,1717377367,6560,/au/en/product/picotin-lock-18-pocket-bag-H083189CKAO/,Orange,Picotin Lock 18 pocket bag,1,2024-06-03
H084505CKAB1717380367,H084505CKAB,1717380367,14920,/au/en/product/lindy-mini-bag-H084505CKAB/,Beige/Natural,Lindy mini bag,1,2024-06-03
H082153CCBD1717380367,H082153CCBD,1717380367,15235,/au/en/product/2424-21-bag-H082153CCBD/,Grey,24/24 - 21 bag,1,2024-06-03
H075244CKAE1717380367,H075244CKAE,1717380367,17775,/au/en/product/2424-35-bag-H075244CKAE/,Black,24/24 - 35 bag,1,2024-06-03
H084238CKL41717380367,H084238CKL4,1717380367,15555,/au/en/product/picotin-lock-micro-bag-H084238CKL4/,Pink,Picotin Lock micro bag,1,2024-06-03
H084274CCAD1717380367,H084274CCAD,1717380367,7725,/au/en/product/hermes-in-the-loop-18-bag-H084274CCAD/,Grey,Hermès In-the-Loop 18 bag,1,2024-06-03
H084274CKAZ1717380367,H084274CKAZ,1717380367,7725,/au/en/product/hermes-in-the-loop-18-bag-H084274CKAZ/,Pink,Hermès In-the-Loop 18 bag,1,2024-06-03
H083052CKAE1717380367,H083052CKAE,1717380367,10265,/au/en/product/hermes-geta-bag-H083052CKAE/,Beige/Natural,Hermès Geta bag,1,2024-06-03
H079086CC0L1717380367,H079086CC0L,1717380367,11640,/au/en/product/lindy-mini-bag-H079086CC0L/,Grey,Lindy mini bag,1,2024-06-03
H056277CK6C1717380367,H056277CK6C,1717380367,6140,/au/en/product/evelyne-iii-29-bag-H056277CK6C/,Brown,Evelyne III 29 bag,1,2024-06-03
H082153CKBH1717380367,H082153CKBH,1717380367,15235,/au/en/product/2424-21-bag-H082153CKBH/,Beige/Natural,24/24 - 21 bag,1,2024-06-03
H082153CCBI1717380367,H082153CCBI,1717380367,15235,/au/en/product/2424-21-bag-H082153CCBI/,White,24/24 - 21 bag,1,2024-06-03
H084235CC891717380367,H084235CC89,1717380367,14705,/au/en/product/picotin-lock-micro-bag-H084235CC89/,Black,Picotin Lock micro bag,1,2024-06-03
H051568CK761717380367,H051568CK76,1717380367,6560,/au/en/product/garden-party-30-bag-H051568CK76/,Blue,Garden Party 30 bag,1,2024-06-03
H060991CC891717380367,H060991CC89,1717380367,5715,/au/en/product/picotin-lock-22-bag-H060991CC89/,Black,Picotin Lock 22 bag,1,2024-06-03
H082027CK081717380367,H082027CK08,1717380367,9100,/au/en/product/halzan-25-bag-H082027CK08/,Blue,Halzan 25 bag,1,2024-06-03
H084235CC891717460167,H084235CC89,1717460167,14705,/au/en/product/picotin-lock-micro-bag-H084235CC89/,Black,Picotin Lock micro bag,1,2024-06-04
H085078CKAA1717460167,H085078CKAA,1717460167,9545,/au/en/product/garden-party-49-voyage-bag-H085078CKAA/,Beige/Natural,Garden Party 49 voyage bag,1,2024-06-04
H056289CC0M1717460167,H056289CC0M,1717460167,5270,/au/en/product/picotin-lock-18-bag-H056289CC0M/,Beige/Natural,Picotin Lock 18 bag,1,2024-06-04
H083052CKAE1717460167,H083052CKAE,1717460167,10265,/au/en/product/hermes-geta-bag-H083052CKAE/,Beige/Natural,Hermès Geta bag,1,2024-06-04
H075244CKAE1717460167,H075244CKAE,1717460167,17775,/au/en/product/2424-35-bag-H075244CKAE/,Black,24/24 - 35 bag,1,2024-06-04
H056289CC6C1717460167,H056289CC6C,1717460167,5270,/au/en/product/picotin-lock-18-bag-H056289CC6C/,Brown,Picotin Lock 18 bag,1,2024-06-04
H083618CKAC1717460167,H083618CKAC,1717460167,7300,/au/en/product/steeple-25-bag-H083618CKAC/,Multi-colored,Steeple 25 bag,1,2024-06-04
H082924CAAD1717460167,H082924CAAD,1717460167,11955,/au/en/product/cabas-h-en-biais-40-bag-H082924CAAD/,Multi-colored,Cabas H en Biais 40 bag,1,2024-06-04
H083189CKAO1717460167,H083189CKAO,1717460167,6560,/au/en/product/picotin-lock-18-pocket-bag-H083189CKAO/,Orange,Picotin Lock 18 pocket bag,1,2024-06-04
H083618CKAB1717460167,H083618CKAB,1717460167,7300,/au/en/product/steeple-25-bag-H083618CKAB/,Multi-colored,Steeple 25 bag,1,2024-06-04
H069560CKBR1717460167,H069560CKBR,1717460167,5610,/au/en/product/picotin-lock-18-eclat-bag-H069560CKBR/,Multi-colored,Picotin Lock 18 eclat bag,1,2024-06-04
H073428CK891717460167,H073428CK89,1717460167,13860,/au/en/product/lindy-26-bag-H073428CK89/,Black,Lindy 26 bag,1,2024-06-04
H084274CKAZ1717460167,H084274CKAZ,1717460167,7725,/au/en/product/hermes-in-the-loop-18-bag-H084274CKAZ/,Pink,Hermès In-the-Loop 18 bag,1,2024-06-04
H082153CKBH1717461367,H082153CKBH,1717461367,15235,/au/en/product/2424-21-bag-H082153CKBH/,Beige/Natural,24/24 - 21 bag,1,2024-06-04
H084505CKAB1717461367,H084505CKAB,1717461367,14920,/au/en/product/lindy-mini-bag-H084505CKAB/,Beige/Natural,Lindy mini bag,1,2024-06-04
H060991CC891717461367,H060991CC89,1717461367,5715,/au/en/product/picotin-lock-22-bag-H060991CC89/,Black,Picotin Lock 22 bag,1,2024-06-04
H078595CKAA1717462567,H078595CKAA,1717462567,49705,/au/en/product/bolide-1923-45-racing-bag-H078595CKAA/,Blue,Bolide 1923 - 45 Racing bag,1,2024-06-04
H083894CAAG1717462567,H083894CAAG,1717462567,5900,/au/en/product/pursangle-tote-bag-H083894CAAG/,Multi-colored,Pursangle tote bag,1,2024-06-04
H082153CCBD1717462567,H082153CCBD,1717462567,15235,/au/en/product/2424-21-bag-H082153CCBD/,Grey,24/24 - 21 bag,1,2024-06-04
H084274CCAD1717462567,H084274CCAD,1717462567,7725,/au/en/product/hermes-in-the-loop-18-bag-H084274CCAD/,Grey,Hermès In-the-Loop 18 bag,1,2024-06-04
H072069CKAY1717463167,H072069CKAY,1717463167,5125,/au/en/product/herbag-zip-31-bag-H072069CKAY/,Multi-colored,Herbag Zip 31 bag,1,2024-06-04
H078971CCAV1717463167,H078971CCAV,1717463167,4870,/au/en/product/herbag-zip-31-bag-H078971CCAV/,Red,Herbag Zip 31 bag,1,2024-06-04
H082607CKAW1717463167,H082607CKAW,1717463167,12380,/au/en/product/lindy-mini-verso-bag-H082607CKAW/,Purple,Lindy mini verso bag,1,2024-06-04
H082264CKAP1717463167,H082264CKAP,1717463167,4320,/au/en/product/garden-party-36-verso-bag-H082264CKAP/,Grey,Garden Party 36 verso bag,1,2024-06-04
H056289CKX91717463167,H056289CKX9,1717463167,5270,/au/en/product/picotin-lock-18-bag-H056289CKX9/,Pink,Picotin Lock 18 bag,1,2024-06-04
H072069CCBH1717463167,H072069CCBH,1717463167,5125,/au/en/product/herbag-zip-31-bag-H072069CCBH/,Black,Herbag Zip 31 bag,1,2024-06-04
H079086CK0W1717463167,H079086CK0W,1717463167,11640,/au/en/product/lindy-mini-bag-H079086CK0W/,Grey,Lindy mini bag,1,2024-06-04
H079086CC0U1717463167,H079086CC0U,1717463167,11640,/au/en/product/lindy-mini-bag-H079086CC0U/,White,Lindy mini bag,1,2024-06-04
H073428CK081717463167,H073428CK08,1717463167,13860,/au/en/product/lindy-26-bag-H073428CK08/,Blue,Lindy 26 bag,1,2024-06-04
H073428CKD21717463167,H073428CKD2,1717463167,13860,/au/en/product/lindy-26-bag-H073428CKD2/,Blue,Lindy 26 bag,1,2024-06-04
H079086CC0L1717463767,H079086CC0L,1717463767,11640,/au/en/product/lindy-mini-bag-H079086CC0L/,Grey,Lindy mini bag,1,2024-06-04
H079086CK081717476367,H079086CK08,1717476367,11640,/au/en/product/lindy-mini-bag-H079086CK08/,Blue,Lindy mini bag,1,2024-06-04
